Date,Scheduled Trips,Service Failures,Services Delivered,Service Delivery %
01/07/2017,1167,3,1164,99.74%
02/07/2017,851,3,848,99.65%
03/07/2017,3201,7,3194,99.78%
04/07/2017,3201,7,3194,99.78%
05/07/2017,3201,5,3196,99.84%
06/07/2017,3201,15,3186,99.53%
07/07/2017,3201,21,3180,99.34%
08/07/2017,1167,1,1166,99.91%
09/07/2017,851,5,846,99.41%
10/07/2017,3201,16,3185,99.5%
11/07/2017,3201,5,3196,99.84%
12/07/2017,3201,13,3188,99.59%
13/07/2017,3201,7,3194,99.78%
14/07/2017,3201,7,3194,99.78%
15/07/2017,1167,4,1163,99.66%
16/07/2017,851,1,850,99.88%
17/07/2017,3515,16,3499,99.54%
18/07/2017,3515,4,3511,99.89%
19/07/2017,3515,7,3508,99.8%
20/07/2017,3515,8,3507,99.77%
21/07/2017,3515,13,3502,99.63%
22/07/2017,1167,3,1164,99.74%
23/07/2017,851,3,848,99.65%
24/07/2017,3515,22,3493,99.37%
25/07/2017,3515,8,3507,99.77%
26/07/2017,3515,5,3510,99.86%
27/07/2017,3515,8,3507,99.77%
28/07/2017,3515,16,3499,99.54%
29/07/2017,1167,2,1165,99.83%
30/07/2017,851,0,851,100%
31/07/2017,3515,21,3494,99.4%
01/08/2017,3515,6,3509,99.83%
02/08/2017,3515,22,3493,99.37%
03/08/2017,3515,15,3500,99.57%
04/08/2017,3515,12,3503,99.66%
05/08/2017,1167,1,1166,99.91%
06/08/2017,851,1,850,99.88%
07/08/2017,3515,7,3508,99.8%
08/08/2017,3515,13,3502,99.63%
09/08/2017,3515,12,3503,99.66%
10/08/2017,3515,11,3504,99.69%
11/08/2017,3515,9,3506,99.74%
12/08/2017,1167,1,1166,99.91%
13/08/2017,851,5,846,99.41%
14/08/2017,3515,10,3505,99.72%
15/08/2017,3515,14,3501,99.6%
16/08/2017,3515,6,3509,99.83%
17/08/2017,3515,18,3497,99.49%
18/08/2017,3515,11,3504,99.69%
19/08/2017,1167,1,1166,99.91%
20/08/2017,851,1,850,99.88%
21/08/2017,3515,6,3509,99.83%
22/08/2017,3515,19,3496,99.46%
23/08/2017,3515,10,3505,99.72%
24/08/2017,3515,16,3499,99.54%
25/08/2017,3515,20,3495,99.43%
26/08/2017,1167,11,1156,99.06%
27/08/2017,851,1,850,99.88%
28/08/2017,3515,16,3499,99.54%
29/08/2017,3515,4,3511,99.89%
30/08/2017,3515,15,3500,99.57%
31/08/2017,3515,9,3506,99.74%
01/09/2017,3515,12,3503,99.66%
02/09/2017,1167,0,1167,100%
03/09/2017,851,3,848,99.65%
04/09/2017,3515,14,3501,99.6%
05/09/2017,3515,9,3506,99.74%
06/09/2017,3515,9,3506,99.74%
07/09/2017,3515,10,3505,99.72%
08/09/2017,3515,12,3503,99.66%
09/09/2017,1167,3,1164,99.74%
10/09/2017,851,0,851,100%
11/09/2017,3515,10,3505,99.72%
12/09/2017,3515,8,3507,99.77%
13/09/2017,3515,5,3510,99.86%
14/09/2017,3515,7,3508,99.8%
15/09/2017,3515,7,3508,99.8%
16/09/2017,1167,1,1166,99.91%
17/09/2017,851,2,849,99.76%
18/09/2017,3515,7,3508,99.8%
19/09/2017,3515,11,3504,99.69%
20/09/2017,3515,15,3500,99.57%
21/09/2017,3515,12,3503,99.66%
22/09/2017,3515,2,3513,99.94%
23/09/2017,1167,1,1166,99.91%
24/09/2017,851,1,850,99.88%
25/09/2017,851,3,848,99.65%
26/09/2017,3201,13,3188,99.59%
27/09/2017,3201,15,3186,99.53%
28/09/2017,3201,8,3193,99.75%
29/09/2017,3201,6,3195,99.81%
30/09/2017,1167,0,1167,100%
01/10/2017,851,4,847,99.53%
02/10/2017,851,2,849,99.76%
03/10/2017,3201,15,3186,99.53%
04/10/2017,3201,7,3194,99.78%
05/10/2017,3201,6,3195,99.81%
06/10/2017,3201,4,3197,99.88%
07/10/2017,1330,2,1328,99.85%
08/10/2017,987,2,985,99.8%
09/10/2017,3646,26,3620,99.29%
10/10/2017,3646,19,3627,99.48%
11/10/2017,3646,9,3637,99.75%
12/10/2017,3646,10,3636,99.73%
13/10/2017,3646,17,3629,99.53%
14/10/2017,1330,0,1330,100%
15/10/2017,987,3,984,99.7%
16/10/2017,3646,22,3624,99.4%
17/10/2017,3646,23,3623,99.37%
18/10/2017,3646,19,3627,99.48%
19/10/2017,3646,16,3630,99.56%
20/10/2017,3646,9,3637,99.75%
21/10/2017,1330,1,1329,99.92%
22/10/2017,987,3,984,99.7%
23/10/2017,3646,18,3628,99.51%
24/10/2017,3646,25,3621,99.31%
25/10/2017,3646,22,3624,99.4%
26/10/2017,3646,22,3624,99.4%
27/10/2017,3646,23,3623,99.37%
28/10/2017,1330,14,1316,98.95%
29/10/2017,987,3,984,99.7%
30/10/2017,3646,10,3636,99.73%
31/10/2017,3646,17,3629,99.53%
01/11/2017,3646,14,3632,99.62%
02/11/2017,3646,16,3630,99.56%
03/11/2017,3646,13,3633,99.64%
04/11/2017,1330,14,1316,98.95%
05/11/2017,987,2,985,99.8%
06/11/2017,3646,20,3626,99.45%
07/11/2017,3646,19,3627,99.48%
08/11/2017,3646,18,3628,99.51%
09/11/2017,3646,15,3631,99.59%
10/11/2017,3646,13,3633,99.64%
11/11/2017,1330,27,1303,97.97%
12/11/2017,987,0,987,100%
13/11/2017,3646,20,3626,99.45%
14/11/2017,3646,22,3624,99.4%
15/11/2017,3646,22,3624,99.4%
16/11/2017,3646,18,3628,99.51%
17/11/2017,3646,10,3636,99.73%
18/11/2017,1330,5,1325,99.62%
19/11/2017,987,5,982,99.49%
20/11/2017,3646,27,3619,99.26%
21/11/2017,3646,20,3626,99.45%
22/11/2017,3646,25,3621,99.31%
23/11/2017,3646,18,3628,99.51%
24/11/2017,3646,30,3616,99.18%
25/11/2017,1330,23,1307,98.27%
26/11/2017,987,6,981,99.39%
27/11/2017,3646,28,3618,99.23%
28/11/2017,3646,18,3628,99.51%
29/11/2017,3646,25,3621,99.31%
30/11/2017,3646,11,3635,99.7%
01/12/2017,3646,16,3630,99.56%
02/12/2017,1330,9,1321,99.32%
03/12/2017,987,2,985,99.8%
04/12/2017,3660,18,3642,99.51%
05/12/2017,3660,6,3654,99.84%
06/12/2017,3660,5,3655,99.86%
07/12/2017,3660,32,3628,99.13%
08/12/2017,3660,11,3649,99.7%
09/12/2017,1340,15,1325,98.88%
10/12/2017,987,16,971,98.38%
11/12/2017,3660,23,3637,99.37%
12/12/2017,3660,9,3651,99.75%
13/12/2017,3660,26,3634,99.29%
14/12/2017,3660,26,3634,99.29%
15/12/2017,3660,22,3638,99.4%
16/12/2017,1340,6,1334,99.55%
17/12/2017,987,4,983,99.59%
18/12/2017,3363,12,3351,99.64%
19/12/2017,3363,6,3357,99.82%
20/12/2017,3363,5,3358,99.85%
21/12/2017,3363,6,3357,99.82%
22/12/2017,3363,0,3363,100%
23/12/2017,1340,3,1337,99.78%
24/12/2017,987,6,981,99.39%
25/12/2017,176,0,176,100%
26/12/2017,987,1,986,99.9%
27/12/2017,2933,4,2929,99.86%
28/12/2017,2933,5,2928,99.83%
29/12/2017,2933,6,2927,99.8%
30/12/2017,987,8,979,99.19%
31/12/2017,1065,6,1059,99.44%
01/01/2018,987,2,985,99.8%
02/01/2018,2933,13,2920,99.56%
03/01/2018,2933,7,2926,99.76%
04/01/2018,2933,9,2924,99.69%
05/01/2018,2933,7,2926,99.76%
06/01/2018,1330,3,1327,99.77%
07/01/2018,987,0,987,100%
08/01/2018,3349,12,3337,99.64%
09/01/2018,3349,9,3340,99.73%
10/01/2018,3349,7,3342,99.79%
11/01/2018,3349,4,3345,99.88%
12/01/2018,3349,10,3339,99.7%
13/01/2018,1330,5,1325,99.62%
14/01/2018,987,1,986,99.9%
15/01/2018,3349,6,3343,99.82%
16/01/2018,3349,6,3343,99.82%
17/01/2018,3349,10,3339,99.7%
18/01/2018,3349,17,3332,99.49%
19/01/2018,3349,24,3325,99.28%
20/01/2018,1330,5,1325,99.62%
21/01/2018,987,4,983,99.59%
22/01/2018,3349,10,3339,99.7%
23/01/2018,3349,16,3333,99.52%
24/01/2018,3349,8,3341,99.76%
25/01/2018,3349,10,3339,99.7%
26/01/2018,987,2,985,99.8%
27/01/2018,1330,2,1328,99.85%
28/01/2018,987,0,987,100%
29/01/2018,3349,18,3331,99.46%
30/01/2018,3349,9,3340,99.73%
31/01/2018,3349,14,3335,99.58%
01/02/2018,3349,9,3340,99.73%
02/02/2018,3349,15,3334,99.55%
03/02/2018,1330,4,1326,99.7%
04/02/2018,987,2,985,99.8%
05/02/2018,3646,52,3594,98.57%
06/02/2018,3646,14,3632,99.62%
07/02/2018,3646,26,3620,99.29%
08/02/2018,3646,27,3619,99.26%
09/02/2018,3646,45,3601,98.77%
10/02/2018,1330,2,1328,99.85%
11/02/2018,987,2,985,99.8%
12/02/2018,3660,19,3641,99.48%
13/02/2018,3660,19,3641,99.48%
14/02/2018,3660,12,3648,99.67%
15/02/2018,3660,29,3631,99.21%
16/02/2018,3660,31,3629,99.15%
17/02/2018,1340,13,1327,99.03%
18/02/2018,987,1,986,99.9%
19/02/2018,3646,15,3631,99.59%
20/02/2018,3646,8,3638,99.78%
21/02/2018,3646,11,3635,99.7%
22/02/2018,3646,9,3637,99.75%
23/02/2018,3646,23,3623,99.37%
24/02/2018,1330,4,1326,99.7%
25/02/2018,987,9,978,99.09%
26/02/2018,3646,40,3606,98.9%
27/02/2018,3646,9,3637,99.75%
28/02/2018,3646,39,3607,98.93%
01/03/2018,3646,22,3624,99.4%
02/03/2018,3646,51,3595,98.6%
03/03/2018,1330,3,1327,99.77%
04/03/2018,987,6,981,99.39%
05/03/2018,3646,23,3623,99.37%
06/03/2018,3646,16,3630,99.56%
07/03/2018,3646,26,3620,99.29%
08/03/2018,3646,14,3632,99.62%
09/03/2018,3646,23,3623,99.37%
10/03/2018,1330,9,1321,99.32%
11/03/2018,987,7,980,99.29%
12/03/2018,987,3,984,99.7%
13/03/2018,3646,13,3633,99.64%
14/03/2018,3646,16,3630,99.56%
15/03/2018,3646,20,3626,99.45%
16/03/2018,3646,12,3634,99.67%
17/03/2018,1330,9,1321,99.32%
18/03/2018,987,2,985,99.8%
19/03/2018,3646,29,3617,99.2%
20/03/2018,3646,29,3617,99.2%
21/03/2018,3646,20,3626,99.45%
22/03/2018,3646,50,3596,98.63%
23/03/2018,3646,23,3623,99.37%
24/03/2018,1330,5,1325,99.62%
25/03/2018,987,6,981,99.39%
26/03/2018,3646,13,3633,99.64%
27/03/2018,3646,19,3627,99.48%
28/03/2018,3646,26,3620,99.29%
29/03/2018,3646,18,3628,99.51%
30/03/2018,987,1,986,99.9%
31/03/2018,987,2,985,99.8%
01/04/2018,987,5,982,99.49%
02/04/2018,987,0,987,100%
03/04/2018,3646,17,3629,99.53%
04/04/2018,3646,15,3631,99.59%
05/04/2018,3646,24,3622,99.34%
06/04/2018,3646,11,3635,99.7%
07/04/2018,1330,0,1330,100%
08/04/2018,987,0,987,100%
09/04/2018,3646,16,3630,99.56%
10/04/2018,3646,16,3630,99.56%
11/04/2018,3646,19,3627,99.48%
12/04/2018,3646,19,3627,99.48%
13/04/2018,3646,11,3635,99.7%
14/04/2018,1330,0,1330,100%
15/04/2018,987,0,987,100%
16/04/2018,3349,12,3337,99.64%
17/04/2018,3349,4,3345,99.88%
18/04/2018,3349,13,3336,99.61%
19/04/2018,3349,6,3343,99.82%
20/04/2018,3349,9,3340,99.73%
21/04/2018,1330,2,1328,99.85%
22/04/2018,987,2,985,99.8%
23/04/2018,3349,6,3343,99.82%
24/04/2018,3349,5,3344,99.85%
25/04/2018,987,4,983,99.59%
26/04/2018,3349,5,3344,99.85%
27/04/2018,3349,6,3343,99.82%
28/04/2018,1330,7,1323,99.47%
29/04/2018,987,1,986,99.9%
30/04/2018,3646,15,3631,99.59%
01/05/2018,3646,19,3627,99.48%
02/05/2018,3646,6,3640,99.84%
03/05/2018,3646,9,3637,99.75%
04/05/2018,3646,12,3634,99.67%
05/05/2018,1330,2,1328,99.85%
06/05/2018,987,6,981,99.39%
07/05/2018,3646,21,3625,99.42%
08/05/2018,3646,16,3630,99.56%
09/05/2018,3646,12,3634,99.67%
10/05/2018,3646,15,3631,99.59%
11/05/2018,3646,17,3629,99.53%
12/05/2018,1330,2,1328,99.85%
13/05/2018,987,4,983,99.59%
14/05/2018,3646,12,3634,99.67%
15/05/2018,3646,25,3621,99.31%
16/05/2018,3646,14,3632,99.62%
17/05/2018,3646,13,3633,99.64%
18/05/2018,3646,16,3630,99.56%
19/05/2018,1330,3,1327,99.77%
20/05/2018,987,4,983,99.59%
21/05/2018,3646,7,3639,99.81%
22/05/2018,3646,10,3636,99.73%
23/05/2018,3646,14,3632,99.62%
24/05/2018,3646,23,3623,99.37%
25/05/2018,3646,13,3633,99.64%
26/05/2018,1330,4,1326,99.7%
27/05/2018,987,4,983,99.59%
28/05/2018,987,3,984,99.7%
29/05/2018,3646,19,3627,99.48%
30/05/2018,3646,12,3634,99.67%
31/05/2018,3646,6,3640,99.84%
01/06/2018,3646,11,3635,99.7%
02/06/2018,1330,5,1325,99.62%
03/06/2018,987,0,987,100%
04/06/2018,3646,23,3623,99.37%
05/06/2018,3646,7,3639,99.81%
06/06/2018,3646,8,3638,99.78%
07/06/2018,3646,9,3637,99.75%
08/06/2018,3646,9,3637,99.75%
09/06/2018,1330,4,1326,99.7%
10/06/2018,987,0,987,100%
11/06/2018,987,4,983,99.59%
12/06/2018,3646,18,3628,99.51%
13/06/2018,3646,11,3635,99.7%
14/06/2018,3646,26,3620,99.29%
15/06/2018,3646,21,3625,99.42%
16/06/2018,1330,5,1325,99.62%
17/06/2018,987,1,986,99.9%
18/06/2018,3646,14,3632,99.62%
19/06/2018,3646,10,3636,99.73%
20/06/2018,3646,16,3630,99.56%
21/06/2018,3646,13,3633,99.64%
22/06/2018,3646,18,3628,99.51%
23/06/2018,1330,6,1324,99.55%
24/06/2018,987,1,986,99.9%
25/06/2018,3646,22,3624,99.4%
26/06/2018,3646,8,3638,99.78%
27/06/2018,3646,11,3635,99.7%
28/06/2018,3646,15,3631,99.59%
29/06/2018,3646,6,3640,99.84%
30/06/2018,1330,3,1327,99.77%
